iso3,year,conflict_score
AFG,2017,10.0
AFG,2018,10.0
AFG,2019,10.0
AFG,2020,10.0
AFG,2021,10.0
AFG,2022,10.0
AFG,2023,9.8
AFG,2024,9.8
AFG,2025,9.9
AFG,2026,10.0
AGO,2017,9.7
AGO,2018,9.0
AGO,2019,9.2
AGO,2020,9.2
AGO,2021,9.8
AGO,2022,9.3
AGO,2023,9.6
AGO,2024,8.8
AGO,2025,9.1
AGO,2026,9.9
ALB,2017,0.2
ALB,2018,0.2
ALB,2019,0.2
ALB,2020,0.3
ALB,2021,0.5
ALB,2022,0.2
ALB,2023,0.4
ALB,2024,0.3
ALB,2025,0.3
ALB,2026,0.9
ARE,2017,2.6
ARE,2018,2.4
ARE,2019,2.2
ARE,2020,1.8
ARE,2021,1.5
ARE,2022,1.7
ARE,2023,2.3
ARE,2024,3.8
ARE,2025,3.3
ARE,2026,5.0
ARG,2017,0.8
ARG,2018,1.6
ARG,2019,1.1
ARG,2020,1.5
ARG,2021,1.2
ARG,2022,0.9
ARG,2023,1.3
ARG,2024,0.8
ARG,2025,0.9
ARG,2026,7.1
ARM,2017,6.4
ARM,2018,4.7
ARM,2019,5.1
ARM,2020,5.0
ARM,2021,6.3
ARM,2022,5.8
ARM,2023,6.2
ARM,2024,6.5
ARM,2025,6.3
ARM,2026,4.9
ATG,2017,0.0
ATG,2018,0.0
ATG,2019,0.0
ATG,2020,0.0
ATG,2021,0.0
ATG,2022,0.0
ATG,2023,0.0
ATG,2024,0.0
ATG,2025,0.0
ATG,2026,0.0
AUS,2017,0.1
AUS,2018,0.1
AUS,2019,0.1
AUS,2020,0.2
AUS,2021,0.1
AUS,2022,0.1
AUS,2023,0.1
AUS,2024,0.1
AUS,2025,0.1
AUS,2026,0.1
AUT,2017,0.1
AUT,2018,0.1
AUT,2019,0.1
AUT,2020,0.1
AUT,2021,0.1
AUT,2022,0.2
AUT,2023,0.1
AUT,2024,0.1
AUT,2025,0.1
AUT,2026,0.1
AZE,2017,9.7
AZE,2018,9.8
AZE,2019,9.5
AZE,2020,9.0
AZE,2021,9.8
AZE,2022,8.9
AZE,2023,8.9
AZE,2024,9.1
AZE,2025,6.5
AZE,2026,8.3
BDI,2017,9.0
BDI,2018,9.0
BDI,2019,9.3
BDI,2020,9.5
BDI,2021,10.0
BDI,2022,10.0
BDI,2023,9.3
BDI,2024,9.6
BDI,2025,9.4
BDI,2026,9.5
BEL,2017,0.1
BEL,2018,1.0
BEL,2019,0.4
BEL,2020,0.8
BEL,2021,0.2
BEL,2022,0.2
BEL,2023,0.2
BEL,2024,0.1
BEL,2025,0.3
BEL,2026,0.1
BEN,2017,1.3
BEN,2018,1.2
BEN,2019,1.5
BEN,2020,4.7
BEN,2021,4.4
BEN,2022,5.6
BEN,2023,6.1
BEN,2024,6.3
BEN,2025,6.7
BEN,2026,7.4
BFA,2017,5.4
BFA,2018,6.2
BFA,2019,6.9
BFA,2020,6.8
BFA,2021,7.6
BFA,2022,7.6
BFA,2023,8.3
BFA,2024,9.5
BFA,2025,9.0
BFA,2026,9.5
BGD,2017,9.8
BGD,2018,9.8
BGD,2019,9.8
BGD,2020,10.0
BGD,2021,9.9
BGD,2022,9.7
BGD,2023,9.7
BGD,2024,9.7
BGD,2025,10.0
BGD,2026,9.9
BGR,2017,0.1
BGR,2018,0.1
BGR,2019,0.1
BGR,2020,0.1
BGR,2021,0.1
BGR,2022,0.1
BGR,2023,0.1
BGR,2024,0.1
BGR,2025,0.1
BGR,2026,0.1
BHR,2017,3.7
BHR,2018,2.6
BHR,2019,3.0
BHR,2020,2.8
BHR,2021,2.6
BHR,2022,2.5
BHR,2023,2.8
BHR,2024,1.5
BHR,2025,1.5
BHR,2026,1.2
BHS,2017,0.2
BHS,2018,0.2
BHS,2019,0.2
BHS,2020,0.3
BHS,2021,0.3
BHS,2022,0.2
BHS,2023,0.1
BHS,2024,0.1
BHS,2025,0.1
BHS,2026,1.2
BIH,2017,0.5
BIH,2018,0.6
BIH,2019,0.7
BIH,2020,0.6
BIH,2021,0.6
BIH,2022,0.5
BIH,2023,0.6
BIH,2024,0.5
BIH,2025,0.4
BIH,2026,0.6
BLR,2017,0.7
BLR,2018,0.7
BLR,2019,0.5
BLR,2020,0.5
BLR,2021,2.3
BLR,2022,2.5
BLR,2023,2.9
BLR,2024,2.5
BLR,2025,2.1
BLR,2026,1.5
BLZ,2017,0.3
BLZ,2018,0.3
BLZ,2019,0.2
BLZ,2020,0.8
BLZ,2021,0.6
BLZ,2022,0.4
BLZ,2023,0.2
BLZ,2024,0.5
BLZ,2025,0.3
BLZ,2026,4.9
BOL,2017,1.0
BOL,2018,3.7
BOL,2019,4.2
BOL,2020,3.7
BOL,2021,4.7
BOL,2022,5.4
BOL,2023,5.6
BOL,2024,5.9
BOL,2025,5.4
BOL,2026,5.1
BRA,2017,10.0
BRA,2018,10.0
BRA,2019,10.0
BRA,2020,10.0
BRA,2021,10.0
BRA,2022,10.0
BRA,2023,10.0
BRA,2024,9.9
BRA,2025,9.8
BRA,2026,9.8
BRB,2017,0.0
BRB,2018,0.0
BRB,2019,0.1
BRB,2020,0.1
BRB,2021,0.0
BRB,2022,0.0
BRB,2023,0.0
BRB,2024,0.0
BRB,2025,0.1
BRB,2026,3.5
BRN,2017,0.2
BRN,2018,0.2
BRN,2019,0.2
BRN,2020,0.1
BRN,2021,0.1
BRN,2022,0.3
BRN,2023,0.2
BRN,2024,0.2
BRN,2025,0.1
BRN,2026,0.8
BTN,2017,1.7
BTN,2018,1.2
BTN,2019,0.9
BTN,2020,1.3
BTN,2021,1.0
BTN,2022,0.9
BTN,2023,0.8
BTN,2024,0.5
BTN,2025,1.0
BTN,2026,0.8
BWA,2017,0.5
BWA,2018,0.2
BWA,2019,0.2
BWA,2020,0.4
BWA,2021,0.8
BWA,2022,1.0
BWA,2023,1.0
BWA,2024,1.0
BWA,2025,1.1
BWA,2026,1.2
CAF,2017,9.2
CAF,2018,9.0
CAF,2019,9.1
CAF,2020,9.2
CAF,2021,9.1
CAF,2022,9.1
CAF,2023,9.1
CAF,2024,9.1
CAF,2025,9.3
CAF,2026,9.4
CAN,2017,0.1
CAN,2018,0.1
CAN,2019,0.1
CAN,2020,0.1
CAN,2021,0.1
CAN,2022,0.1
CAN,2023,0.1
CAN,2024,0.1
CAN,2025,0.1
CAN,2026,0.1
CHE,2017,0.1
CHE,2018,0.1
CHE,2019,0.1
CHE,2020,0.1
CHE,2021,0.1
CHE,2022,0.1
CHE,2023,0.0
CHE,2024,0.0
CHE,2025,0.1
CHE,2026,0.0
CHL,2017,0.2
CHL,2018,0.2
CHL,2019,0.4
CHL,2020,1.1
CHL,2021,0.9
CHL,2022,0.7
CHL,2023,0.7
CHL,2024,0.5
CHL,2025,0.3
CHL,2026,1.7
CHN,2017,4.4
CHN,2018,5.2
CHN,2019,4.9
CHN,2020,5.3
CHN,2021,6.0
CHN,2022,6.7
CHN,2023,5.2
CHN,2024,5.0
CHN,2025,4.7
CHN,2026,3.4
CIV,2017,7.0
CIV,2018,6.6
CIV,2019,6.1
CIV,2020,6.2
CIV,2021,7.0
CIV,2022,6.3
CIV,2023,5.3
CIV,2024,5.4
CIV,2025,6.1
CIV,2026,5.6
CMR,2017,8.9
CMR,2018,9.2
CMR,2019,9.7
CMR,2020,9.8
CMR,2021,9.9
CMR,2022,10.0
CMR,2023,10.0
CMR,2024,10.0
CMR,2025,10.0
CMR,2026,10.0
COD,2017,10.0
COD,2018,10.0
COD,2019,10.0
COD,2020,9.6
COD,2021,9.8
COD,2022,9.7
COD,2023,9.6
COD,2024,10.0
COD,2025,10.0
COD,2026,10.0
COG,2017,6.4
COG,2018,7.4
COG,2019,6.2
COG,2020,6.6
COG,2021,6.3
COG,2022,6.7
COG,2023,7.3
COG,2024,6.7
COG,2025,7.0
COG,2026,7.0
COL,2017,10.0
COL,2018,10.0
COL,2019,10.0
COL,2020,10.0
COL,2021,10.0
COL,2022,10.0
COL,2023,10.0
COL,2024,10.0
COL,2025,10.0
COL,2026,10.0
COM,2017,0.8
COM,2018,0.5
COM,2019,0.6
COM,2020,1.6
COM,2021,1.7
COM,2022,1.7
COM,2023,1.6
COM,2024,1.0
COM,2025,0.7
COM,2026,0.4
CPV,2017,0.1
CPV,2018,0.1
CPV,2019,0.1
CPV,2020,0.1
CPV,2021,0.1
CPV,2022,0.2
CPV,2023,0.0
CPV,2024,0.0
CPV,2025,0.0
CPV,2026,0.6
CRI,2017,0.1
CRI,2018,0.1
CRI,2019,0.1
CRI,2020,0.2
CRI,2021,0.2
CRI,2022,0.2
CRI,2023,0.0
CRI,2024,0.1
CRI,2025,0.1
CRI,2026,6.0
CUB,2017,0.7
CUB,2018,0.6
CUB,2019,0.6
CUB,2020,0.5
CUB,2021,0.7
CUB,2022,0.8
CUB,2023,0.7
CUB,2024,0.8
CUB,2025,0.8
CUB,2026,1.2
CYP,2017,0.0
CYP,2018,0.0
CYP,2019,0.0
CYP,2020,0.0
CYP,2021,0.0
CYP,2022,0.0
CYP,2023,0.0
CYP,2024,0.0
CYP,2025,0.0
CYP,2026,0.0
CZE,2017,0.1
CZE,2018,0.1
CZE,2019,0.1
CZE,2020,0.1
CZE,2021,0.1
CZE,2022,0.1
CZE,2023,0.1
CZE,2024,0.1
CZE,2025,0.1
CZE,2026,0.1
DEU,2017,0.1
DEU,2018,1.0
DEU,2019,0.2
DEU,2020,0.1
DEU,2021,0.1
DEU,2022,0.1
DEU,2023,0.1
DEU,2024,0.1
DEU,2025,0.1
DEU,2026,0.2
DJI,2017,3.2
DJI,2018,3.8
DJI,2019,4.2
DJI,2020,3.7
DJI,2021,3.8
DJI,2022,4.5
DJI,2023,4.4
DJI,2024,5.0
DJI,2025,6.1
DJI,2026,6.0
DMA,2017,0.0
DMA,2018,0.0
DMA,2019,0.0
DMA,2020,0.0
DMA,2021,0.0
DMA,2022,0.0
DMA,2023,0.0
DMA,2024,0.0
DMA,2025,0.0
DMA,2026,0.0
DNK,2017,0.1
DNK,2018,0.1
DNK,2019,0.1
DNK,2020,0.1
DNK,2021,0.1
DNK,2022,0.1
DNK,2023,0.1
DNK,2024,0.1
DNK,2025,0.1
DNK,2026,0.0
DOM,2017,0.4
DOM,2018,0.6
DOM,2019,0.7
DOM,2020,0.9
DOM,2021,1.1
DOM,2022,0.6
DOM,2023,0.9
DOM,2024,1.3
DOM,2025,1.3
DOM,2026,5.9
DZA,2017,9.6
DZA,2018,10.0
DZA,2019,9.8
DZA,2020,9.7
DZA,2021,9.8
DZA,2022,8.9
DZA,2023,8.2
DZA,2024,8.2
DZA,2025,8.5
DZA,2026,9.2
ECU,2017,1.9
ECU,2018,1.2
ECU,2019,1.1
ECU,2020,4.4
ECU,2021,4.7
ECU,2022,7.0
ECU,2023,7.1
ECU,2024,8.6
ECU,2025,8.7
ECU,2026,9.0
EGY,2017,9.9
EGY,2018,10.0
EGY,2019,10.0
EGY,2020,10.0
EGY,2021,10.0
EGY,2022,10.0
EGY,2023,10.0
EGY,2024,9.4
EGY,2025,9.2
EGY,2026,9.4
ERI,2017,4.9
ERI,2018,2.6
ERI,2019,2.3
ERI,2020,2.6
ERI,2021,3.3
ERI,2022,4.0
ERI,2023,3.5
ERI,2024,4.3
ERI,2025,3.8
ERI,2026,3.0
ESP,2017,0.2
ESP,2018,0.3
ESP,2019,1.0
ESP,2020,0.2
ESP,2021,0.2
ESP,2022,0.1
ESP,2023,0.1
ESP,2024,0.1
ESP,2025,0.3
ESP,2026,0.1
EST,2017,0.0
EST,2018,0.1
EST,2019,0.1
EST,2020,0.0
EST,2021,0.0
EST,2022,0.0
EST,2023,0.0
EST,2024,0.0
EST,2025,0.0
EST,2026,0.0
ETH,2017,9.9
ETH,2018,9.8
ETH,2019,9.7
ETH,2020,9.5
ETH,2021,9.4
ETH,2022,9.1
ETH,2023,9.5
ETH,2024,9.9
ETH,2025,9.7
ETH,2026,9.9
FIN,2017,0.0
FIN,2018,0.1
FIN,2019,0.0
FIN,2020,0.0
FIN,2021,0.0
FIN,2022,0.0
FIN,2023,0.0
FIN,2024,0.0
FIN,2025,0.0
FIN,2026,0.0
FJI,2017,0.3
FJI,2018,0.2
FJI,2019,0.1
FJI,2020,0.2
FJI,2021,0.3
FJI,2022,0.3
FJI,2023,0.2
FJI,2024,0.1
FJI,2025,0.2
FJI,2026,0.7
FRA,2017,2.4
FRA,2018,6.1
FRA,2019,1.3
FRA,2020,2.4
FRA,2021,0.4
FRA,2022,0.4
FRA,2023,0.3
FRA,2024,0.3
FRA,2025,2.4
FRA,2026,1.1
FSM,2017,0.0
FSM,2018,0.0
FSM,2019,0.0
FSM,2020,0.0
FSM,2021,0.0
FSM,2022,0.0
FSM,2023,0.0
FSM,2024,0.0
FSM,2025,0.0
FSM,2026,0.0
GAB,2017,1.0
GAB,2018,1.0
GAB,2019,0.5
GAB,2020,0.7
GAB,2021,0.7
GAB,2022,0.5
GAB,2023,0.5
GAB,2024,0.7
GAB,2025,1.0
GAB,2026,1.0
GBR,2017,0.2
GBR,2018,0.2
GBR,2019,0.2
GBR,2020,0.2
GBR,2021,0.4
GBR,2022,0.2
GBR,2023,0.2
GBR,2024,0.2
GBR,2025,0.2
GBR,2026,0.1
GEO,2017,1.8
GEO,2018,1.3
GEO,2019,1.1
GEO,2020,1.0
GEO,2021,1.7
GEO,2022,0.9
GEO,2023,1.1
GEO,2024,5.5
GEO,2025,3.1
GEO,2026,3.0
GHA,2017,4.0
GHA,2018,3.4
GHA,2019,3.1
GHA,2020,2.6
GHA,2021,3.1
GHA,2022,2.9
GHA,2023,6.0
GHA,2024,6.1
GHA,2025,5.2
GHA,2026,7.5
GIN,2017,6.6
GIN,2018,5.5
GIN,2019,5.7
GIN,2020,6.3
GIN,2021,6.2
GIN,2022,5.6
GIN,2023,5.5
GIN,2024,5.0
GIN,2025,5.5
GIN,2026,6.2
GMB,2017,3.0
GMB,2018,2.1
GMB,2019,1.6
GMB,2020,1.7
GMB,2021,2.2
GMB,2022,1.7
GMB,2023,1.7
GMB,2024,1.8
GMB,2025,4.4
GMB,2026,3.9
GNB,2017,1.4
GNB,2018,1.4
GNB,2019,1.0
GNB,2020,1.1
GNB,2021,1.9
GNB,2022,1.2
GNB,2023,1.9
GNB,2024,1.5
GNB,2025,2.0
GNB,2026,1.6
GNQ,2017,0.9
GNQ,2018,0.9
GNQ,2019,0.5
GNQ,2020,0.4
GNQ,2021,0.5
GNQ,2022,0.5
GNQ,2023,0.4
GNQ,2024,0.8
GNQ,2025,1.1
GNQ,2026,0.8
GRC,2017,0.2
GRC,2018,0.2
GRC,2019,0.2
GRC,2020,0.2
GRC,2021,0.1
GRC,2022,0.1
GRC,2023,0.1
GRC,2024,0.1
GRC,2025,0.1
GRC,2026,0.1
GRD,2017,0.0
GRD,2018,0.0
GRD,2019,0.0
GRD,2020,0.0
GRD,2021,0.0
GRD,2022,0.0
GRD,2023,0.0
GRD,2024,0.0
GRD,2025,0.0
GRD,2026,0.0
GTM,2017,6.5
GTM,2018,7.2
GTM,2019,6.7
GTM,2020,5.9
GTM,2021,5.0
GTM,2022,7.3
GTM,2023,8.0
GTM,2024,7.5
GTM,2025,7.7
GTM,2026,8.2
GUY,2017,1.2
GUY,2018,1.0
GUY,2019,1.0
GUY,2020,0.8
GUY,2021,1.0
GUY,2022,0.9
GUY,2023,0.8
GUY,2024,1.4
GUY,2025,1.5
GUY,2026,1.2
HND,2017,6.6
HND,2018,5.8
HND,2019,7.7
HND,2020,7.4
HND,2021,6.3
HND,2022,7.1
HND,2023,6.7
HND,2024,7.6
HND,2025,6.9
HND,2026,7.0
HRV,2017,0.1
HRV,2018,0.1
HRV,2019,0.1
HRV,2020,0.1
HRV,2021,0.1
HRV,2022,0.1
HRV,2023,0.1
HRV,2024,0.1
HRV,2025,0.1
HRV,2026,0.1
HTI,2017,2.2
HTI,2018,4.4
HTI,2019,5.7
HTI,2020,4.5
HTI,2021,6.3
HTI,2022,6.5
HTI,2023,7.3
HTI,2024,7.1
HTI,2025,7.7
HTI,2026,8.0
HUN,2017,0.1
HUN,2018,0.1
HUN,2019,0.1
HUN,2020,0.1
HUN,2021,0.1
HUN,2022,0.1
HUN,2023,0.1
HUN,2024,0.1
HUN,2025,0.1
HUN,2026,0.1
IDN,2017,8.3
IDN,2018,8.7
IDN,2019,9.1
IDN,2020,8.7
IDN,2021,8.9
IDN,2022,9.3
IDN,2023,9.3
IDN,2024,9.2
IDN,2025,9.4
IDN,2026,9.6
IND,2017,9.8
IND,2018,9.7
IND,2019,9.6
IND,2020,9.9
IND,2021,10.0
IND,2022,10.0
IND,2023,10.0
IND,2024,10.0
IND,2025,10.0
IND,2026,10.0
IRL,2017,0.1
IRL,2018,0.1
IRL,2019,0.1
IRL,2020,0.1
IRL,2021,0.1
IRL,2022,0.1
IRL,2023,0.1
IRL,2024,0.1
IRL,2025,0.1
IRL,2026,0.1
IRN,2017,9.5
IRN,2018,9.8
IRN,2019,10.0
IRN,2020,10.0
IRN,2021,10.0
IRN,2022,9.9
IRN,2023,10.0
IRN,2024,10.0
IRN,2025,10.0
IRN,2026,10.0
IRQ,2017,10.0
IRQ,2018,10.0
IRQ,2019,10.0
IRQ,2020,10.0
IRQ,2021,10.0
IRQ,2022,10.0
IRQ,2023,10.0
IRQ,2024,10.0
IRQ,2025,10.0
IRQ,2026,10.0
ISL,2017,0.0
ISL,2018,0.0
ISL,2019,0.0
ISL,2020,0.0
ISL,2021,0.0
ISL,2022,0.0
ISL,2023,0.0
ISL,2024,0.0
ISL,2025,0.0
ISL,2026,0.0
ISR,2017,9.5
ISR,2018,9.3
ISR,2019,9.4
ISR,2020,9.7
ISR,2021,9.6
ISR,2022,9.4
ISR,2023,9.2
ISR,2024,9.8
ISR,2025,10.0
ISR,2026,9.7
ITA,2017,0.3
ITA,2018,0.3
ITA,2019,0.3
ITA,2020,0.3
ITA,2021,0.3
ITA,2022,0.2
ITA,2023,0.2
ITA,2024,0.2
ITA,2025,0.2
ITA,2026,0.1
JAM,2017,2.0
JAM,2018,1.9
JAM,2019,1.8
JAM,2020,1.1
JAM,2021,1.0
JAM,2022,0.9
JAM,2023,0.6
JAM,2024,1.0
JAM,2025,0.8
JAM,2026,4.8
JOR,2017,4.9
JOR,2018,6.3
JOR,2019,6.8
JOR,2020,5.7
JOR,2021,3.8
JOR,2022,5.7
JOR,2023,4.3
JOR,2024,4.7
JOR,2025,5.8
JOR,2026,6.4
JPN,2017,0.1
JPN,2018,0.1
JPN,2019,0.1
JPN,2020,0.1
JPN,2021,0.1
JPN,2022,0.1
JPN,2023,0.1
JPN,2024,0.1
JPN,2025,0.1
JPN,2026,0.3
KAZ,2017,1.6
KAZ,2018,1.4
KAZ,2019,1.5
KAZ,2020,1.2
KAZ,2021,1.2
KAZ,2022,1.0
KAZ,2023,0.8
KAZ,2024,1.2
KAZ,2025,1.3
KAZ,2026,1.2
KEN,2017,10.0
KEN,2018,9.9
KEN,2019,10.0
KEN,2020,10.0
KEN,2021,9.8
KEN,2022,9.9
KEN,2023,9.1
KEN,2024,9.8
KEN,2025,9.9
KEN,2026,10.0
KGZ,2017,4.1
KGZ,2018,3.9
KGZ,2019,3.4
KGZ,2020,4.1
KGZ,2021,3.7
KGZ,2022,5.1
KGZ,2023,4.8
KGZ,2024,4.1
KGZ,2025,4.3
KGZ,2026,5.0
KHM,2017,5.9
KHM,2018,5.0
KHM,2019,4.8
KHM,2020,4.3
KHM,2021,3.1
KHM,2022,3.1
KHM,2023,2.3
KHM,2024,2.4
KHM,2025,2.0
KHM,2026,7.0
KIR,2017,0.0
KIR,2018,0.0
KIR,2019,0.0
KIR,2020,0.0
KIR,2021,0.0
KIR,2022,0.0
KIR,2023,0.0
KIR,2024,0.0
KIR,2025,0.0
KIR,2026,0.0
KNA,2017,0.0
KNA,2018,0.0
KNA,2019,0.0
KNA,2020,0.0
KNA,2021,0.0
KNA,2022,0.0
KNA,2023,0.0
KNA,2024,0.0
KNA,2025,0.0
KNA,2026,0.0
KOR,2017,0.3
KOR,2018,0.3
KOR,2019,0.6
KOR,2020,0.4
KOR,2021,0.3
KOR,2022,0.2
KOR,2023,0.3
KOR,2024,0.2
KOR,2025,0.6
KOR,2026,0.9
KWT,2017,3.1
KWT,2018,3.0
KWT,2019,2.6
KWT,2020,2.1
KWT,2021,2.0
KWT,2022,2.1
KWT,2023,1.7
KWT,2024,1.2
KWT,2025,1.2
KWT,2026,1.0
LAO,2017,2.1
LAO,2018,1.9
LAO,2019,1.8
LAO,2020,1.8
LAO,2021,2.2
LAO,2022,2.4
LAO,2023,2.1
LAO,2024,2.2
LAO,2025,2.0
LAO,2026,2.0
LBN,2017,7.5
LBN,2018,7.8
LBN,2019,7.6
LBN,2020,6.6
LBN,2021,8.0
LBN,2022,6.6
LBN,2023,6.3
LBN,2024,7.7
LBN,2025,8.0
LBN,2026,7.1
LBR,2017,1.2
LBR,2018,0.7
LBR,2019,1.0
LBR,2020,4.2
LBR,2021,4.2
LBR,2022,3.8
LBR,2023,3.3
LBR,2024,3.9
LBR,2025,5.1
LBR,2026,4.6
LBY,2017,9.2
LBY,2018,9.2
LBY,2019,9.5
LBY,2020,9.3
LBY,2021,9.3
LBY,2022,7.2
LBY,2023,7.8
LBY,2024,6.9
LBY,2025,6.8
LBY,2026,8.2
LCA,2017,0.0
LCA,2018,0.0
LCA,2019,0.0
LCA,2020,0.0
LCA,2021,0.0
LCA,2022,0.0
LCA,2023,0.0
LCA,2024,0.0
LCA,2025,0.0
LCA,2026,0.0
LIE,2017,0.0
LIE,2018,0.0
LIE,2019,0.0
LIE,2020,0.0
LIE,2021,0.0
LIE,2022,0.0
LIE,2023,0.0
LIE,2024,0.0
LIE,2025,0.0
LIE,2026,0.0
LKA,2017,4.2
LKA,2018,3.5
LKA,2019,3.0
LKA,2020,6.7
LKA,2021,5.4
LKA,2022,4.4
LKA,2023,4.4
LKA,2024,4.5
LKA,2025,4.2
LKA,2026,3.8
LSO,2017,1.7
LSO,2018,0.9
LSO,2019,0.8
LSO,2020,1.5
LSO,2021,1.3
LSO,2022,1.6
LSO,2023,1.3
LSO,2024,1.1
LSO,2025,0.8
LSO,2026,1.0
LTU,2017,0.1
LTU,2018,0.1
LTU,2019,0.1
LTU,2020,0.1
LTU,2021,0.1
LTU,2022,0.1
LTU,2023,0.1
LTU,2024,0.1
LTU,2025,0.1
LTU,2026,0.1
LUX,2017,0.1
LUX,2018,0.1
LUX,2019,0.1
LUX,2020,0.1
LUX,2021,0.1
LUX,2022,0.1
LUX,2023,0.1
LUX,2024,0.1
LUX,2025,0.1
LUX,2026,0.1
LVA,2017,0.1
LVA,2018,0.1
LVA,2019,0.1
LVA,2020,0.1
LVA,2021,0.1
LVA,2022,0.1
LVA,2023,0.0
LVA,2024,0.1
LVA,2025,0.1
LVA,2026,0.1
MAR,2017,3.8
MAR,2018,3.1
MAR,2019,3.4
MAR,2020,2.6
MAR,2021,4.6
MAR,2022,4.9
MAR,2023,5.0
MAR,2024,5.3
MAR,2025,4.9
MAR,2026,7.1
MDA,2017,1.4
MDA,2018,1.2
MDA,2019,0.9
MDA,2020,0.7
MDA,2021,0.7
MDA,2022,0.6
MDA,2023,4.3
MDA,2024,2.7
MDA,2025,3.0
MDA,2026,3.1
MDG,2017,4.0
MDG,2018,4.4
MDG,2019,4.3
MDG,2020,5.4
MDG,2021,5.0
MDG,2022,5.6
MDG,2023,5.5
MDG,2024,5.5
MDG,2025,5.5
MDG,2026,5.0
MDV,2017,1.2
MDV,2018,1.1
MDV,2019,1.0
MDV,2020,0.4
MDV,2021,0.3
MDV,2022,0.2
MDV,2023,0.3
MDV,2024,0.2
MDV,2025,0.1
MDV,2026,0.4
MEX,2017,9.8
MEX,2018,9.9
MEX,2019,9.7
MEX,2020,9.9
MEX,2021,9.9
MEX,2022,9.9
MEX,2023,9.8
MEX,2024,9.8
MEX,2025,9.9
MEX,2026,10.0
MHL,2017,0.0
MHL,2018,0.0
MHL,2019,0.0
MHL,2020,0.0
MHL,2021,0.0
MHL,2022,0.0
MHL,2023,0.0
MHL,2024,0.0
MHL,2025,0.0
MHL,2026,0.0
MKD,2017,0.9
MKD,2018,0.5
MKD,2019,0.3
MKD,2020,0.2
MKD,2021,0.2
MKD,2022,0.3
MKD,2023,0.4
MKD,2024,0.3
MKD,2025,0.2
MKD,2026,0.2
MLI,2017,8.6
MLI,2018,8.8
MLI,2019,9.1
MLI,2020,9.2
MLI,2021,9.5
MLI,2022,9.2
MLI,2023,9.6
MLI,2024,9.9
MLI,2025,9.6
MLI,2026,9.6
MLT,2017,0.0
MLT,2018,0.1
MLT,2019,0.1
MLT,2020,0.1
MLT,2021,0.1
MLT,2022,0.0
MLT,2023,0.0
MLT,2024,0.0
MLT,2025,0.0
MLT,2026,0.0
MMR,2017,10.0
MMR,2018,10.0
MMR,2019,9.9
MMR,2020,10.0
MMR,2021,10.0
MMR,2022,10.0
MMR,2023,10.0
MMR,2024,10.0
MMR,2025,10.0
MMR,2026,10.0
MNE,2017,0.3
MNE,2018,0.5
MNE,2019,0.7
MNE,2020,0.5
MNE,2021,0.3
MNE,2022,0.5
MNE,2023,0.4
MNE,2024,0.4
MNE,2025,0.4
MNE,2026,0.3
MNG,2017,0.4
MNG,2018,0.4
MNG,2019,0.4
MNG,2020,0.5
MNG,2021,0.5
MNG,2022,0.5
MNG,2023,0.5
MNG,2024,0.8
MNG,2025,0.9
MNG,2026,1.1
MOZ,2017,8.5
MOZ,2018,7.3
MOZ,2019,9.1
MOZ,2020,9.7
MOZ,2021,10.0
MOZ,2022,9.9
MOZ,2023,10.0
MOZ,2024,10.0
MOZ,2025,10.0
MOZ,2026,10.0
MRT,2017,4.7
MRT,2018,4.5
MRT,2019,4.5
MRT,2020,5.0
MRT,2021,5.1
MRT,2022,4.8
MRT,2023,4.6
MRT,2024,5.8
MRT,2025,6.7
MRT,2026,4.5
MUS,2017,0.1
MUS,2018,0.3
MUS,2019,0.2
MUS,2020,0.3
MUS,2021,0.7
MUS,2022,1.7
MUS,2023,0.6
MUS,2024,0.8
MUS,2025,0.4
MUS,2026,0.8
MWI,2017,0.9
MWI,2018,1.7
MWI,2019,2.2
MWI,2020,3.1
MWI,2021,2.9
MWI,2022,2.5
MWI,2023,2.0
MWI,2024,1.6
MWI,2025,1.7
MWI,2026,5.4
MYS,2017,3.7
MYS,2018,5.6
MYS,2019,2.9
MYS,2020,2.5
MYS,2021,2.4
MYS,2022,1.9
MYS,2023,1.6
MYS,2024,1.4
MYS,2025,1.0
MYS,2026,3.8
NAM,2017,0.9
NAM,2018,0.4
NAM,2019,0.5
NAM,2020,0.8
NAM,2021,1.2
NAM,2022,3.1
NAM,2023,2.5
NAM,2024,2.6
NAM,2025,3.0
NAM,2026,2.3
NER,2017,8.3
NER,2018,8.2
NER,2019,8.4
NER,2020,8.6
NER,2021,8.9
NER,2022,9.6
NER,2023,9.3
NER,2024,9.8
NER,2025,9.9
NER,2026,10.0
NGA,2017,10.0
NGA,2018,10.0
NGA,2019,10.0
NGA,2020,10.0
NGA,2021,10.0
NGA,2022,10.0
NGA,2023,10.0
NGA,2024,10.0
NGA,2025,10.0
NGA,2026,10.0
NIC,2017,1.8
NIC,2018,2.6
NIC,2019,3.3
NIC,2020,3.2
NIC,2021,3.8
NIC,2022,3.6
NIC,2023,2.7
NIC,2024,1.7
NIC,2025,2.1
NIC,2026,2.5
NLD,2017,0.1
NLD,2018,0.1
NLD,2019,0.1
NLD,2020,0.1
NLD,2021,0.1
NLD,2022,0.1
NLD,2023,0.1
NLD,2024,0.1
NLD,2025,0.1
NLD,2026,0.1
NOR,2017,0.0
NOR,2018,0.1
NOR,2019,0.0
NOR,2020,0.0
NOR,2021,0.0
NOR,2022,0.0
NOR,2023,0.0
NOR,2024,0.0
NOR,2025,0.0
NOR,2026,0.0
NPL,2017,3.6
NPL,2018,3.3
NPL,2019,2.4
NPL,2020,2.1
NPL,2021,2.3
NPL,2022,2.2
NPL,2023,5.4
NPL,2024,5.1
NPL,2025,4.3
NPL,2026,4.1
NRU,2017,0.0
NRU,2018,0.0
NRU,2019,0.0
NRU,2020,0.0
NRU,2021,0.0
NRU,2022,0.0
NRU,2023,0.0
NRU,2024,0.0
NRU,2025,0.0
NRU,2026,0.0
NZL,2017,0.0
NZL,2018,0.0
NZL,2019,0.0
NZL,2020,0.0
NZL,2021,0.0
NZL,2022,0.0
NZL,2023,0.0
NZL,2024,0.0
NZL,2025,0.0
NZL,2026,0.0
OMN,2017,0.6
OMN,2018,0.7
OMN,2019,0.6
OMN,2020,0.6
OMN,2021,0.6
OMN,2022,1.4
OMN,2023,0.3
OMN,2024,0.4
OMN,2025,0.3
OMN,2026,0.5
PAK,2017,10.0
PAK,2018,10.0
PAK,2019,10.0
PAK,2020,10.0
PAK,2021,10.0
PAK,2022,10.0
PAK,2023,10.0
PAK,2024,10.0
PAK,2025,10.0
PAK,2026,10.0
PAN,2017,1.4
PAN,2018,1.2
PAN,2019,1.2
PAN,2020,1.1
PAN,2021,1.3
PAN,2022,0.8
PAN,2023,0.5
PAN,2024,1.1
PAN,2025,0.7
PAN,2026,0.6
PER,2017,8.8
PER,2018,9.1
PER,2019,7.1
PER,2020,9.0
PER,2021,8.7
PER,2022,9.2
PER,2023,8.8
PER,2024,9.0
PER,2025,7.3
PER,2026,9.2
PHL,2017,10.0
PHL,2018,10.0
PHL,2019,10.0
PHL,2020,10.0
PHL,2021,10.0
PHL,2022,10.0
PHL,2023,10.0
PHL,2024,10.0
PHL,2025,10.0
PHL,2026,9.5
PLW,2017,0.0
PLW,2018,0.0
PLW,2019,0.0
PLW,2020,0.0
PLW,2021,0.0
PLW,2022,0.0
PLW,2023,0.0
PLW,2024,0.0
PLW,2025,0.0
PLW,2026,0.0
PNG,2017,3.3
PNG,2018,3.3
PNG,2019,2.5
PNG,2020,5.0
PNG,2021,3.4
PNG,2022,4.1
PNG,2023,5.2
PNG,2024,6.0
PNG,2025,7.5
PNG,2026,8.2
POL,2017,0.1
POL,2018,0.1
POL,2019,0.1
POL,2020,0.1
POL,2021,0.1
POL,2022,0.1
POL,2023,0.1
POL,2024,0.2
POL,2025,0.1
POL,2026,0.1
PRK,2017,0.7
PRK,2018,0.9
PRK,2019,1.3
PRK,2020,1.2
PRK,2021,1.6
PRK,2022,1.3
PRK,2023,0.8
PRK,2024,0.7
PRK,2025,1.0
PRK,2026,0.7
PRT,2017,0.1
PRT,2018,0.1
PRT,2019,0.1
PRT,2020,0.1
PRT,2021,0.1
PRT,2022,0.1
PRT,2023,0.1
PRT,2024,0.1
PRT,2025,0.1
PRT,2026,0.1
PRY,2017,3.8
PRY,2018,2.4
PRY,2019,4.7
PRY,2020,3.1
PRY,2021,4.5
PRY,2022,5.5
PRY,2023,4.9
PRY,2024,4.1
PRY,2025,4.8
PRY,2026,3.5
PSE,2017,7.6
PSE,2018,8.3
PSE,2019,8.8
PSE,2020,9.6
PSE,2021,7.8
PSE,2022,9.7
PSE,2023,9.5
PSE,2024,9.7
PSE,2025,9.4
PSE,2026,9.6
QAT,2017,1.7
QAT,2018,1.5
QAT,2019,3.1
QAT,2020,2.8
QAT,2021,3.1
QAT,2022,3.0
QAT,2023,2.4
QAT,2024,1.6
QAT,2025,1.2
QAT,2026,3.1
ROU,2017,0.2
ROU,2018,0.2
ROU,2019,0.2
ROU,2020,0.2
ROU,2021,0.1
ROU,2022,0.2
ROU,2023,0.1
ROU,2024,0.1
ROU,2025,0.1
ROU,2026,0.1
RUS,2017,9.9
RUS,2018,9.9
RUS,2019,9.4
RUS,2020,9.3
RUS,2021,9.4
RUS,2022,9.0
RUS,2023,9.5
RUS,2024,9.8
RUS,2025,9.9
RUS,2026,9.9
RWA,2017,6.5
RWA,2018,7.0
RWA,2019,7.7
RWA,2020,7.2
RWA,2021,7.7
RWA,2022,7.4
RWA,2023,7.4
RWA,2024,6.8
RWA,2025,7.4
RWA,2026,7.4
SAU,2017,7.6
SAU,2018,7.2
SAU,2019,6.2
SAU,2020,7.3
SAU,2021,7.2
SAU,2022,7.9
SAU,2023,5.7
SAU,2024,8.0
SAU,2025,5.5
SAU,2026,7.5
SDN,2017,10.0
SDN,2018,9.9
SDN,2019,10.0
SDN,2020,9.9
SDN,2021,10.0
SDN,2022,10.0
SDN,2023,9.9
SDN,2024,9.7
SDN,2025,9.9
SDN,2026,10.0
SEN,2017,5.2
SEN,2018,4.3
SEN,2019,5.2
SEN,2020,4.7
SEN,2021,5.2
SEN,2022,6.1
SEN,2023,5.4
SEN,2024,5.2
SEN,2025,5.8
SEN,2026,5.1
SGP,2017,0.5
SGP,2018,0.5
SGP,2019,0.8
SGP,2020,0.8
SGP,2021,0.5
SGP,2022,0.3
SGP,2023,0.8
SGP,2024,0.3
SGP,2025,0.6
SGP,2026,0.9
SLB,2017,0.4
SLB,2018,0.2
SLB,2019,0.3
SLB,2020,0.4
SLB,2021,0.6
SLB,2022,0.6
SLB,2023,0.7
SLB,2024,0.4
SLB,2025,0.7
SLB,2026,0.8
SLE,2017,1.5
SLE,2018,1.2
SLE,2019,1.1
SLE,2020,1.5
SLE,2021,2.2
SLE,2022,4.6
SLE,2023,4.1
SLE,2024,3.9
SLE,2025,4.2
SLE,2026,4.6
SLV,2017,3.7
SLV,2018,4.5
SLV,2019,4.5
SLV,2020,4.7
SLV,2021,4.2
SLV,2022,5.3
SLV,2023,4.8
SLV,2024,4.8
SLV,2025,4.0
SLV,2026,4.7
SOM,2017,9.4
SOM,2018,10.0
SOM,2019,10.0
SOM,2020,10.0
SOM,2021,10.0
SOM,2022,10.0
SOM,2023,9.8
SOM,2024,9.8
SOM,2025,9.8
SOM,2026,9.6
SRB,2017,1.0
SRB,2018,1.6
SRB,2019,2.0
SRB,2020,1.4
SRB,2021,0.9
SRB,2022,1.0
SRB,2023,0.7
SRB,2024,0.8
SRB,2025,0.6
SRB,2026,0.7
SSD,2017,9.8
SSD,2018,9.8
SSD,2019,9.6
SSD,2020,9.6
SSD,2021,9.5
SSD,2022,9.4
SSD,2023,9.3
SSD,2024,9.2
SSD,2025,9.1
SSD,2026,10.0
STP,2017,0.0
STP,2018,0.0
STP,2019,0.0
STP,2020,0.0
STP,2021,0.0
STP,2022,0.0
STP,2023,0.0
STP,2024,0.0
STP,2025,0.0
STP,2026,0.0
SUR,2017,0.3
SUR,2018,0.3
SUR,2019,0.4
SUR,2020,0.4
SUR,2021,0.4
SUR,2022,0.4
SUR,2023,0.3
SUR,2024,0.5
SUR,2025,0.7
SUR,2026,1.2
SVK,2017,0.1
SVK,2018,0.1
SVK,2019,0.1
SVK,2020,0.1
SVK,2021,0.1
SVK,2022,0.1
SVK,2023,0.1
SVK,2024,0.1
SVK,2025,0.1
SVK,2026,0.1
SVN,2017,0.1
SVN,2018,0.0
SVN,2019,0.0
SVN,2020,0.0
SVN,2021,0.0
SVN,2022,0.0
SVN,2023,0.0
SVN,2024,0.0
SVN,2025,0.0
SVN,2026,0.0
SWE,2017,0.0
SWE,2018,0.1
SWE,2019,0.2
SWE,2020,0.0
SWE,2021,0.0
SWE,2022,0.0
SWE,2023,0.0
SWE,2024,0.0
SWE,2025,0.0
SWE,2026,0.0
SWZ,2017,0.5
SWZ,2018,0.4
SWZ,2019,0.7
SWZ,2020,3.8
SWZ,2021,4.1
SWZ,2022,5.4
SWZ,2023,4.6
SWZ,2024,5.3
SWZ,2025,3.6
SWZ,2026,7.4
SYC,2017,0.0
SYC,2018,0.0
SYC,2019,0.0
SYC,2020,0.0
SYC,2021,0.0
SYC,2022,0.0
SYC,2023,0.0
SYC,2024,0.0
SYC,2025,0.0
SYC,2026,0.0
SYR,2017,8.7
SYR,2018,9.0
SYR,2019,9.5
SYR,2020,9.8
SYR,2021,10.0
SYR,2022,10.0
SYR,2023,9.9
SYR,2024,10.0
SYR,2025,10.0
SYR,2026,10.0
TCD,2017,8.2
TCD,2018,8.9
TCD,2019,9.5
TCD,2020,9.7
TCD,2021,10.0
TCD,2022,10.0
TCD,2023,10.0
TCD,2024,9.9
TCD,2025,9.9
TCD,2026,10.0
TGO,2017,3.0
TGO,2018,3.2
TGO,2019,3.2
TGO,2020,4.7
TGO,2021,4.0
TGO,2022,4.1
TGO,2023,6.2
TGO,2024,5.7
TGO,2025,5.8
TGO,2026,5.9
THA,2017,9.3
THA,2018,9.1
THA,2019,9.5
THA,2020,9.5
THA,2021,9.0
THA,2022,9.3
THA,2023,9.4
THA,2024,10.0
THA,2025,9.4
THA,2026,9.9
TJK,2017,7.5
TJK,2018,7.3
TJK,2019,7.9
TJK,2020,7.9
TJK,2021,6.0
TJK,2022,6.3
TJK,2023,8.3
TJK,2024,6.0
TJK,2025,6.3
TJK,2026,7.0
TKM,2017,4.1
TKM,2018,3.4
TKM,2019,2.7
TKM,2020,2.7
TKM,2021,2.4
TKM,2022,2.7
TKM,2023,1.9
TKM,2024,1.5
TKM,2025,1.2
TKM,2026,1.1
TLS,2017,1.2
TLS,2018,0.9
TLS,2019,0.9
TLS,2020,0.7
TLS,2021,0.5
TLS,2022,0.6
TLS,2023,0.9
TLS,2024,0.8
TLS,2025,0.9
TLS,2026,0.9
TON,2017,0.0
TON,2018,0.0
TON,2019,0.0
TON,2020,0.0
TON,2021,0.0
TON,2022,0.0
TON,2023,0.0
TON,2024,0.0
TON,2025,0.0
TON,2026,0.0
TTO,2017,0.3
TTO,2018,0.3
TTO,2019,0.3
TTO,2020,0.1
TTO,2021,0.2
TTO,2022,0.2
TTO,2023,0.1
TTO,2024,0.3
TTO,2025,0.3
TTO,2026,4.7
TUN,2017,6.7
TUN,2018,6.2
TUN,2019,7.2
TUN,2020,7.7
TUN,2021,6.9
TUN,2022,6.4
TUN,2023,6.4
TUN,2024,5.8
TUN,2025,5.6
TUN,2026,3.8
TUR,2017,9.8
TUR,2018,10.0
TUR,2019,10.0
TUR,2020,10.0
TUR,2021,10.0
TUR,2022,10.0
TUR,2023,10.0
TUR,2024,10.0
TUR,2025,9.8
TUR,2026,9.4
TUV,2017,0.0
TUV,2018,0.0
TUV,2019,0.0
TUV,2020,0.0
TUV,2021,0.0
TUV,2022,0.0
TUV,2023,0.0
TUV,2024,0.0
TUV,2025,0.0
TUV,2026,0.0
TZA,2017,4.6
TZA,2018,5.1
TZA,2019,5.0
TZA,2020,6.6
TZA,2021,6.1
TZA,2022,6.8
TZA,2023,6.9
TZA,2024,6.5
TZA,2025,6.9
TZA,2026,8.3
UGA,2017,7.5
UGA,2018,7.9
UGA,2019,8.5
UGA,2020,8.2
UGA,2021,7.8
UGA,2022,9.1
UGA,2023,8.9
UGA,2024,9.5
UGA,2025,9.1
UGA,2026,9.6
UKR,2017,7.1
UKR,2018,7.3
UKR,2019,8.3
UKR,2020,8.1
UKR,2021,8.6
UKR,2022,8.5
UKR,2023,8.7
UKR,2024,9.1
UKR,2025,9.4
UKR,2026,9.5
URY,2017,0.3
URY,2018,0.4
URY,2019,0.5
URY,2020,0.5
URY,2021,0.4
URY,2022,0.3
URY,2023,0.3
URY,2024,0.2
URY,2025,0.2
URY,2026,1.0
USA,2017,1.8
USA,2018,0.5
USA,2019,1.5
USA,2020,0.7
USA,2021,1.1
USA,2022,0.5
USA,2023,0.4
USA,2024,0.7
USA,2025,0.5
USA,2026,0.3
UZB,2017,4.6
UZB,2018,4.0
UZB,2019,4.5
UZB,2020,4.5
UZB,2021,4.3
UZB,2022,3.9
UZB,2023,5.2
UZB,2024,6.3
UZB,2025,4.9
UZB,2026,6.2
VCT,2017,0.0
VCT,2018,0.0
VCT,2019,0.0
VCT,2020,0.0
VCT,2021,0.0
VCT,2022,0.0
VCT,2023,0.0
VCT,2024,0.0
VCT,2025,0.0
VCT,2026,0.0
VEN,2017,9.7
VEN,2018,9.8
VEN,2019,9.8
VEN,2020,9.8
VEN,2021,8.6
VEN,2022,9.2
VEN,2023,9.3
VEN,2024,9.0
VEN,2025,8.9
VEN,2026,9.3
VNM,2017,1.0
VNM,2018,1.0
VNM,2019,0.9
VNM,2020,1.4
VNM,2021,2.1
VNM,2022,1.5
VNM,2023,1.4
VNM,2024,0.9
VNM,2025,1.1
VNM,2026,1.8
VUT,2017,0.0
VUT,2018,0.0
VUT,2019,0.0
VUT,2020,0.0
VUT,2021,0.0
VUT,2022,0.0
VUT,2023,0.0
VUT,2024,0.0
VUT,2025,0.0
VUT,2026,0.0
WSM,2017,0.0
WSM,2018,0.0
WSM,2019,0.0
WSM,2020,0.0
WSM,2021,0.0
WSM,2022,0.0
WSM,2023,0.0
WSM,2024,0.0
WSM,2025,0.0
WSM,2026,0.0
YEM,2017,9.5
YEM,2018,9.5
YEM,2019,9.3
YEM,2020,9.9
YEM,2021,9.8
YEM,2022,10.0
YEM,2023,10.0
YEM,2024,10.0
YEM,2025,10.0
YEM,2026,10.0
ZAF,2017,5.5
ZAF,2018,6.0
ZAF,2019,6.3
ZAF,2020,7.4
ZAF,2021,8.2
ZAF,2022,8.6
ZAF,2023,8.3
ZAF,2024,8.8
ZAF,2025,8.8
ZAF,2026,9.5
ZMB,2017,2.8
ZMB,2018,2.6
ZMB,2019,2.4
ZMB,2020,2.7
ZMB,2021,2.5
ZMB,2022,2.2
ZMB,2023,2.1
ZMB,2024,1.8
ZMB,2025,2.7
ZMB,2026,6.0
ZWE,2017,4.8
ZWE,2018,3.9
ZWE,2019,4.6
ZWE,2020,5.7
ZWE,2021,5.6
ZWE,2022,5.4
ZWE,2023,5.3
ZWE,2024,5.1
ZWE,2025,4.8
ZWE,2026,4.5
